{"cameraMode":{"drawMode":0,"name":"Shaded","section":"Shading Mode"},"sceneLighting":true,"audioPlay":false,"sceneViewState":{"m_AlwaysRefresh":false,"showFog":true,"showSkybox":true,"showFlares":true,"showImageEffects":true,"showParticleSystems":true,"showVisualEffectGraphs":true,"m_FxEnabled":true},"in2DMode":false,"pivot":{"x":3.5347368717193605,"y":0.4713457524776459,"z":1.1615586280822755},"rotation":{"x":0.1069682165980339,"y":-0.6566544771194458,"z":0.09477676451206207,"w":0.7405687570571899},"size":0.10312062501907349,"orthographic":false}